"","layer_OBJECTID","ldensity"
"Admiralty Islands lowland rain forests",2,4.0974917821114
"Aegean and Western Turkey sclerophyllous and mixed forests",3,2.13331596527082
"Afghan Mountains semi-desert",4,1.30248547521061
"Ahklun and Kilbuck Upland Tundra",5,0.977186366941075
"Al-Hajar foothill xeric woodlands and shrublands",6,0.777874727210317
"Al-Hajar montane woodlands and shrublands",7,0.759580174873787
"Alai-Western Tian Shan steppe",8,1.6117677865496
"Alashan Plateau semi-desert",9,0.463267443958331
"Alaska-St. Elias Range tundra",10,0.633686524205738
"Alaska Peninsula montane taiga",11,1.71320577037012
"Albany thickets",12,2.95334229676252
"Alberta-British Columbia foothills forests",13,1.86421750985489
"Albertine Rift montane forests",14,1.47547851157093
"Aldabra Island xeric scrub",15,1.08302391180798
"Aleutian Islands tundra",16,1.84050212615075
"Allegheny Highlands forests",17,3.14616602870839
"Alps conifer and mixed forests",18,2.46642781775555
"Altai alpine meadow and tundra",19,1.71548985598458
"Altai montane forest and forest steppe",20,1.4546657063152
"Altai steppe and semi-desert",21,1.94369241997949
"Alto Paraná Atlantic forests",22,2.96502991730754
"Amazon-Orinoco-Southern Caribbean mangroves",23,2.95309228707746
"Amur meadow steppe",25,1.91768844789713
"Anatolian conifer and deciduous mixed forests",26,2.1610548492277
"Andaman Islands rain forests",27,2.74517811949172
"Angolan montane forest-grassland",28,1.89044088368986
"Angolan mopane woodlands",29,1.94002555730349
"Angolan scarp savanna and woodlands",30,1.59672727070173
"Angolan wet miombo woodlands",31,1.55318109302441
"Appalachian-Blue Ridge forests",33,3.46165336032365
"Appalachian mixed mesophytic forests",34,3.52347164518471
"Appalachian Piedmont forests",35,3.39146333337869
"Appenine deciduous montane forests",36,2.09104132905453
"Apure-Villavicencio dry forests",37,2.70759930310593
"Arabian sand desert",38,0.422137324741384
"Araucaria moist forests",39,2.91306273146247
"Araya and Paria xeric scrub",40,2.95907106025888
"Arctic coastal tundra",41,-0.416250895572695
"Russian Arctic desert",42,-0.482022188667833
"Arctic foothills tundra",43,-0.324673473197806
"Arizona Mountains forests",44,2.31608968883798
"Arnhem Land tropical savanna",45,3.01581550533565
"Atacama desert",47,0.23848318791909
"Atlantic Coast restingas",48,2.7889888881731
"Saharan Atlantic coastal desert",49,0.650535863983308
"Atlantic coastal pine barrens",50,3.87323238446442
"Congolian coastal forests",51,0.0750922889069491
"European Atlantic mixed forests",52,2.41772719851727
"Australian Alps montane grasslands",53,3.09091638124688
"Azerbaijan shrub desert and steppe",54,2.06903492885911
"Azores temperate mixed forests",55,2.01095505938591
"Badghyz and Karabil semi-desert",56,1.36647861006464
"Bahamian-Antillean mangroves",57,2.53265332466742
"Bahia coastal forests",58,2.96831159345687
"Bahia interior forests",59,2.78429291591059
"Baja California desert",60,0.811593287213633
"Bajío dry forests",61,2.73736464555287
"Balkan mixed forests",62,2.00917525364037
"Balsas dry forests",63,2.63089248721969
"Baltic mixed forests",64,2.26086191368584
"Baluchistan xeric woodlands",65,1.25976866468217
"Banda Sea Islands moist deciduous forests",66,3.36167042980405
"Belizian pine savannas",67,2.71167022610384
"Beni savanna",68,3.48534866747345
"Russian Bering tundra",69,0.196243263610247
"Beringia lowland tundra",70,1.01465370074617
"Beringia upland tundra",71,0.326457896489572
"Biak-Numfoor rain forests",73,4.2150743753271
"Blue Mountains forests",74,2.52163101562382
"Bohai Sea saline meadow",75,1.45675495681477
"Bolivian montane dry forests",76,2.5959591173798
"Bolivian Yungas",77,3.69126178064036
"Borneo lowland rain forests",78,2.51607108095098
"Borneo montane rain forests",79,2.80020374724826
"Borneo peat swamp forests",80,2.36078731622686
"Brahmaputra Valley semi-evergreen forests",81,0.578821318460697
"Brigalow tropical savanna",82,2.5661359466275
"British Columbia coastal conifer forests",83,2.69419026108462
"Brooks-British Range tundra",84,-0.287086734179644
"Buru rain forests",85,2.90179776960045
"Caatinga",86,2.67612682978226
"Caatinga Enclaves moist forests",87,2.55248957277183
"Caledon conifer forests",88,2.3386809590726
"California Central Valley grasslands",89,1.9583882329741
"California coastal sage and chaparral",90,1.92474059543653
"California interior chaparral and woodlands",91,2.87221825678334
"California montane chaparral and woodlands",92,2.41399338782549
"Cameroon Highlands forests",93,-0.0381918068385647
"Campos Rupestres montane savanna",94,2.56139208621003
"Canadian Aspen forests and parklands",95,2.1333310983066
"Canadian Low Arctic tundra",96,-0.460116747381652
"Canary Islands dry woodlands and forests",97,0.472555074132789
"Cantabrian mixed forests",98,2.80777521615694
"Canterbury-Otago tussock grasslands",99,2.5225830487383
"Cape Verde Islands dry forests",100,0.566521564058258
"Cape York Peninsula tropical savanna",101,3.34053202865537
"Caqueta moist forests",102,2.51653114137904
"Cardamom Mountains rain forests",103,1.79810499746683
"Caribbean shrublands",104,2.16781252622051
"Carnarvon xeric shrublands",105,1.03758617843162
"Carolines tropical moist forests",106,3.98194780349969
"Carpathian montane forests",107,2.21976928082319
"Carpentaria tropical savanna",108,2.35232661638639
"Caspian Hyrcanian mixed forests",109,2.2624539673653
"Caspian lowland desert",110,1.00422146384796
"Catatumbo moist forests",111,2.83000858307821
"Cauca Valley dry forests",112,2.78885833196344
"Cauca Valley montane forests",113,2.81075698613224
"Caucasus mixed forests",114,2.5358515540056
"Celtic broadleaf forests",116,2.52791891576037
"Central Afghan Mountains xeric woodlands",117,1.09935829945159
"Central African mangroves",118,-0.75501333355935
"Central American Atlantic moist forests",119,2.83417087977336
"Central American dry forests",120,2.64673274131715
"Central American montane forests",121,2.91083070199516
"Central American pine-oak forests",122,2.77189408722518
"Central Anatolian steppe",123,1.75972247999263
"Central Anatolian steppe and woodlands",124,1.89663044541613
"Central-Southern Cascades Forests",125,3.53104022389716
"Central-Southern US mixed grasslands",126,2.71150295723863
"Central Andean dry puna",127,0.995947415823361
"Central Andean puna",128,1.68040671224525
"Central Andean wet puna",129,2.61204580625724
"Central Asian northern desert",130,0.887190712687629
"Central Asian riparian woodlands",131,0.996414459754437
"Central Asian southern desert",132,0.837547681341407
"Central British Columbia Mountain forests",133,1.8589780409135
"Central bushveld",134,2.58130324703487
"Central Canadian Shield forests",135,1.55892034992629
"Central China Loess Plateau mixed forests",136,1.6263965527289
"Central Congolian lowland forests",137,0.230600513408591
"Central Deccan Plateau dry deciduous forests",138,0.886799521223265
"Central European mixed forests",139,2.22833654521916
"Central US forest-grasslands transition",140,3.550187927864
"Central Indochina dry forests",141,1.61660721134032
"Central Korean deciduous forests",142,1.6920615104426
"Central Mexican matorral",143,2.16228419158302
"Central Pacific Northwest coastal forests",144,3.71613379296748
"Central Persian desert basins",145,0.989319566583888
"Central Range Papuan montane rain forests",147,4.67883806623569
"Papuan Central Range sub-alpine grasslands",148,4.36706771936929
"Central Ranges xeric scrub",149,1.12328352330179
"Central Tallgrass prairie",151,3.32096313919286
"Central Tibetan Plateau alpine steppe",152,0.826303795304645
"Central Zambezian wet miombo woodlands",153,1.85971837254442
"Cerrado",154,2.99044547132678
"Changbai Mountains mixed forests",155,2.02109875518812
"Changjiang Plain evergreen forests",156,1.0856109607183
"Chao Phraya freshwater swamp forests",157,1.93668370741723
"Chao Phraya lowland moist deciduous forests",158,2.23920290887509
"Cherskii-Kolyma mountain tundra",160,-0.0210405194996651
"Chhota-Nagpur dry deciduous forests",161,0.679399978480928
"Chiapas Depression dry forests",162,2.60365692463316
"Chiapas montane forests",163,2.45026587921876
"Chihuahuan desert",164,1.74110276918448
"Chilean Matorral",165,1.44533707162547
"Chimalapas montane forests",166,2.86499943958747
"Chin Hills-Arakan Yoma montane forests",167,1.30626124431965
"Chiquitano dry forests",168,3.37921669850661
"Chocó-Darién moist forests",169,1.96157274748097
"Chukchi Peninsula tundra",171,-0.226029948351825
"Colorado Plateau shrublands",174,1.68628890999041
"Colorado Rockies forests",175,2.38558024056
"Comoros forests",176,0.612106946218661
"Cook Inlet taiga",177,1.54534974024188
"Cook Islands tropical moist forests",178,3.92816144889075
"Coolgardie woodlands",179,1.28993835672988
"Copper Plateau taiga",180,0.799607956972179
"Cordillera Central páramo",181,2.92761152536065
"Cordillera de Merida páramo",182,4.44662637624143
"Cordillera La Costa montane forests",183,3.44539446178338
"Cordillera Oriental montane forests",184,3.11460147696
"Corsican montane broadleaf and mixed forests",185,2.13384034844595
"Costa Rican seasonal moist forests",186,2.38221717076262
"Crete Mediterranean forests",187,1.65709588522591
"Crimean Submediterranean forest complex",188,2.51853417753028
"Cross-Niger transition forests",189,-0.679891888578604
"Cross-Sanaga-Bioko coastal forests",190,-0.684812199235456
"Cross-Timbers savanna-woodland",191,2.99006844776448
"Cuban cactus scrub",192,2.6095354931862
"Cuban dry forests",193,2.59224388323921
"Cuban moist forests",194,2.63781391518964
"Cuban pine forests",195,2.62417320317419
"Cuban wetlands",196,2.51046372061792
"Cyprus Mediterranean forests",197,1.92052163388829
"Da Hinggan-Dzhagdy Mountains conifer forests",198,1.42695959857252
"Daba Mountains evergreen forests",199,1.65596781802998
"Daurian forest steppe",200,1.49534243095636
"Davis Highlands tundra",201,-0.81310923982328
"Deccan thorn scrub forests",202,1.21385724353966
"Dinaric Mountains mixed forests",203,2.23979590776105
"Djibouti xeric shrublands",204,1.67200759885862
"Drakensberg Escarpment savanna and thicket",205,2.77220300724164
"Drakensberg grasslands",206,2.48360117490492
"Rock and Ice",207,-0.902197418475154
"Dry Chaco",208,2.45759638305879
"East Afghan montane conifer forests",209,1.4925333169149
"East African halophytics",210,2.89134199476468
"East African mangroves",211,2.02036703422543
"East African montane forests",212,1.80859552499984
"East Arabian fog shrublands and sand desert",214,0.629875248094368
"East Central Texas forests",215,3.03364201593725
"East Deccan dry-evergreen forests",216,0.990575776775266
"East European forest steppe",217,2.30727879315368
"East Sahara Desert",218,-0.128969809227929
"East Saharan montane xeric woodlands",219,0.877373864005263
"East Siberian taiga",220,0.666715629874607
"East Sudanian savanna",221,1.0046661493695
"Eastern Anatolian deciduous forests",222,1.9330225366924
"Eastern Anatolian montane steppe",223,2.01850136746443
"Eastern Arc forests",224,2.1976955502959
"Eastern Australia mulga shrublands",225,1.59056145548101
"Eastern Australian temperate forests",226,3.37718166383721
"Eastern Canadian forests",227,1.45406702972242
"Eastern Canadian Shield taiga",228,0.481407922553437
"Eastern Cascades forests",229,2.76336907871697
"Eastern Congolian swamp forests",230,0.25757602010663
"Eastern Cordillera Real montane forests",231,2.33303573762273
"Eastern Canadian Forest-Boreal transition",232,2.32091820009041
"Eastern Gobi desert steppe",233,0.594664645324998
"Eastern Great Lakes lowland forests",234,3.13743115576298
"Eastern Guinean forests",235,0.378574161626282
"East Deccan moist deciduous forests",236,0.701791238332607
"Eastern Himalayan alpine shrub and meadows",237,2.05348134496644
"Eastern Himalayan broadleaf forests",238,1.43432454034911
"Eastern Himalayan subalpine conifer forests",239,2.21959009724472
"Eastern Java-Bali montane rain forests",240,1.47547058724767
"Eastern Java-Bali rain forests",241,1.55963169704234
"Eastern Mediterranean conifer-broadleaf forests",242,1.70330155604469
"Eastern Panamanian montane forests",244,2.36871800756633
"Ecuadorian dry forests",245,2.31591487830433
"Edwards Plateau savanna",246,2.29124520816482
"Einasleigh upland savanna",247,2.75415949437129
"Elburz Range forest steppe",248,1.99569474539137
"Emin Valley steppe",251,1.57247160538003
"English Lowlands beech forests",253,2.26104841353324
"Enriquillo wetlands",254,2.55100634837897
"Eritrean coastal desert",255,1.44408973373155
"Esperance mallee",256,1.75771804082622
"Espinal",257,2.29638320851572
"Ethiopian montane forests",258,1.13408229841407
"Ethiopian montane grasslands and woodlands",259,1.53138627234935
"Ethiopian montane moorlands",260,1.49019870518834
"Etosha Pan halophytics",261,2.20176921009748
"Euxine-Colchic broadleaf forests",262,2.29890799752793
"Everglades flooded grasslands",263,2.85302403565246
"Eyre and York mallee",264,1.71411435851463
"Faroe Islands boreal grasslands",265,2.06799939768415
"Fiji tropical dry forests",267,3.31598845365444
"Fiji tropical moist forests",268,3.44954705702171
"Fiordland temperate forests",269,2.4059916823668
"Flinders-Lofty montane woodlands",270,1.52367546810723
"Flint Hills tallgrass prairie",271,3.33409014623309
"Fraser Plateau and Basin conifer forests",272,2.11401295315825
"Fynbos shrubland",273,3.29461396066377
"Galápagos Islands xeric scrub",274,1.63509389519312
"Gariep Karoo",275,1.38870035405295
"Ghorat-Hazarajat alpine meadow",276,1.11544449722041
"Gibson desert",277,0.728158449390612
"Gissaro-Alai open woodlands",278,2.07941351021723
"Godavari-Krishna mangroves",279,0.834363688318575
"Gobi Lakes Valley desert steppe",280,0.650377102794068
"Great Basin montane forests",282,1.91633666285708
"Great Basin shrub steppe",283,1.44568265655722
"Great Lakes Basin desert steppe",284,1.13433662077039
"Great Sandy-Tanami desert",285,1.13014029481496
"Great Victoria desert",286,0.710189022748993
"Greater Negros-Panay rain forests",287,2.939499600401
"Guajira-Barranquilla xeric scrub",288,2.99095348726326
"Guayaquil flooded grasslands",289,2.29865627954794
"Guianan freshwater swamp forests",290,3.07581024233063
"Guianan Highlands moist forests",291,3.11864921442801
"Guianan lowland moist forests",292,2.99227586295268
"Guianan piedmont moist forests",293,3.06062707419635
"Guianan savanna",294,3.3754710265207
"Guinean forest-savanna",295,0.123223148655336
"Guinean mangroves",296,-0.705391707018958
"Guinean montane forests",297,-0.481698430558482
"Guizhou Plateau broadleaf and mixed forests",298,1.50875720153397
"Gulf of California xeric scrub",299,0.87912736740615
"Gulf of St. Lawrence lowland forests",300,2.74736164843066
"Gurupa várzea",301,3.92215535076235
"Hainan Island monsoon rain forests",302,1.49291707583738
"Halmahera rain forests",303,3.26314708845454
"Hampton mallee and woodlands",304,1.09703405693258
"Hawai'i tropical dry forests",305,3.31335758175202
"Hawai'i tropical high shrublands",306,2.8792305442965
"Hawai'i tropical low shrublands",307,2.42973188791834
"Hawai'i tropical moist forests",308,4.21950274892264
"Helanshan montane conifer forests",309,1.13604671217165
"Hengduan Mountains subalpine conifer forests",310,2.50451452597255
"Canadian High Arctic tundra",311,-1.00043675655423
"High Monte",312,1.23771181628564
"Highveld grasslands",313,2.30729406790799
"Himalayan subtropical broadleaf forests",314,0.872984167039178
"Himalayan subtropical pine forests",315,1.72701572685116
"Hindu Kush alpine meadow",316,1.78540971142851
"Hispaniolan dry forests",317,2.543548651988
"Hispaniolan moist forests",318,2.59549860783145
"Hispaniolan pine forests",319,2.61080676748663
"Hobyo grasslands and shrublands",320,1.22422059664122
"Hokkaido deciduous forests",321,2.62209194440329
"Hokkaido montane conifer forests",322,2.70009492253786
"Honshu alpine conifer forests",323,2.78593003046806
"Horn of Africa xeric bushlands",324,1.25558363317764
"Huang He Plain mixed forests",325,1.37079633280907
"Humid Chaco",326,2.66991104548518
"Humid Pampas",327,2.62606551721736
"Huon Peninsula montane rain forests",328,4.51387416513565
"Iberian conifer forests",329,2.15686036138921
"Iberian sclerophyllous and semi-deciduous forests",330,2.1162063219789
"Iceland boreal birch forests and alpine tundra",331,1.15529317775373
"Illyrian deciduous forests",332,2.38650925748489
"Indochina mangroves",333,1.90124585464254
"Indus River Delta-Arabian Sea mangroves",334,1.16705718253232
"Indus Valley desert",335,1.5056354672615
"Inner Niger Delta flooded savanna",336,1.63509525399352
"Interior Alaska-Yukon lowland taiga",337,0.542654059805047
"Interior Plateau US Hardwood Forests",338,3.71623359853051
"Interior Yukon-Alaska alpine tundra",339,0.348237039521708
"Iquitos várzea",340,2.97283857977522
"Irrawaddy dry forests",341,2.19447420276354
"Irrawaddy freshwater swamp forests",342,1.69825198211517
"Irrawaddy moist deciduous forests",343,1.85473951726016
"Isthmian-Atlantic moist forests",345,2.34376534399956
"Isthmian-Pacific moist forests",346,2.0268724379999
"Italian sclerophyllous and semi-deciduous forests",347,2.09051880454795
"Itigi-Sumbu thicket",348,2.13235955066123
"Jalisco dry forests",349,3.00475707864291
"Jamaican dry forests",350,2.56354922171218
"Jamaican moist forests",351,2.6066308967211
"Japurá-Solimões-Negro moist forests",352,3.30536920599501
"Jarrah-Karri forest and shrublands",353,2.64563996753698
"Jian Nan subtropical evergreen forests",354,1.16932664152046
"Jos Plateau forest-grassland",355,0.7260445181391
"Junggar Basin semi-desert",357,0.872136908693758
"Juruá-Purus moist forests",358,3.53198201749912
"Kalaallit Nunaat High Arctic tundra",359,-1.0537109845364
"Kalahari Acacia woodlands",360,2.08407506058852
"Kalahari xeric savanna",361,1.71857003766649
"Kamchatka-Kurile meadows and sparse forests",362,1.13932698643581
"Kamchatka taiga",363,1.21527956335479
"Kaokoveld desert",364,1.09611992758588
"Karakoram-West Tibetan Plateau alpine steppe",365,1.28058463676695
"Kayah-Karen montane rain forests",366,2.49193221771175
"Kazakh forest steppe",367,1.94148156046138
"Kazakh semi-desert",368,0.950687256508894
"Kazakh steppe",369,1.56660422846225
"Kazakh upland steppe",370,1.42488803744517
"Khangai Mountains alpine meadow",372,1.14089858640893
"Khangai Mountains conifer forests",373,1.27202359620705
"Khathiar-Gir dry deciduous forests",374,1.17761946727425
"Kimberly tropical savanna",375,2.17254877421709
"Kinabalu montane alpine meadows",376,3.46061830918334
"Klamath-Siskiyou forests",377,3.98735213178529
"Knysna-Amatole montane forests",378,3.61797839581279
"Kola Peninsula tundra",379,0.987960701755607
"Kopet Dag semi-desert",380,1.27819539730574
"Kopet Dag woodlands and forest steppe",381,1.40245704893428
"Kuh Rud and Eastern Iran montane woodlands",382,0.936566704780343
"Kwazulu Natal-Cape coastal forests",383,2.83789353885811
"La Costa xeric shrublands",384,2.86813725312923
"Lake Chad flooded savanna",385,1.46136014810273
"Lara-Falcón dry forests",386,3.15488044610939
"Leeward Islands moist forests",387,2.19483445154566
"Lesser Sundas deciduous forests",388,1.84995900389168
"Limpopo lowveld",389,2.71377707096684
"Llanos",390,2.55377747449281
"Lord Howe Island subtropical forests",391,3.38318239872042
"Louisiade Archipelago rain forests",392,3.76567339878371
"Low Monte",393,1.09568234879112
"Lower Gangetic Plains moist deciduous forests",394,0.410981666061132
"Luang Prabang montane rain forests",395,1.80749880337425
"Luzon montane rain forests",396,2.26140966442979
"Luzon rain forests",397,2.39113431203096
"Luzon tropical pine forests",398,2.28653128089192
"Madagascar dry deciduous forests",399,0.737763299506385
"Madagascar ericoid thickets",400,0.807990787394825
"Madagascar humid forests",401,0.574586924573433
"Madagascar mangroves",402,0.869316235697021
"Madagascar spiny thickets",403,1.11626906669234
"Madagascar subhumid forests",404,0.780380185333451
"Madagascar succulent woodlands",405,0.912152900816372
"Madeira-Tapajós moist forests",406,3.81709435850547
"Madeira evergreen forests",407,0.848243433889278
"Magdalena-Urabá moist forests",408,2.49328197555643
"Magdalena Valley dry forests",409,2.72920116784395
"Magdalena Valley montane forests",410,2.94597801801554
"Magellanic subpolar forests",411,2.09794223444819
"Makgadikgadi halophytics",412,2.08030866232004
"Malabar Coast moist forests",413,0.0345087559560982
"Maldives-Lakshadweep-Chagos Archipelago tropical moist forests",414,2.35908046281148
"Manchurian mixed forests",416,1.86087431583767
"Mandara Plateau woodlands",417,1.12126507008311
"Maputaland coastal forests and woodlands",418,2.7865528793009
"Maracaibo dry forests",419,3.11466814578366
"Marajó várzea",420,3.41851212938586
"Maranhão Babaçu forests",421,3.0755249305572
"Marañón dry forests",422,2.65412679291173
"Marianas tropical dry forests",423,3.33062842708322
"Masai xeric grasslands and shrublands",425,2.18150601054913
"Mascarene forests",426,0.842076652014313
"Mato Grosso tropical dry forests",427,3.75180865789535
"Mediterranean Acacia-Argania dry woodlands and succulent thickets",428,1.34626367129825
"Mediterranean conifer and mixed forests",429,2.08138303785775
"Mediterranean dry woodlands and steppe",430,1.18462788328511
"Mediterranean High Atlas juniper steppe",431,1.74038286798916
"Mediterranean woodlands and forests",432,1.7451607114598
"Meghalaya subtropical forests",433,0.62022574392002
"Mentawai Islands rain forests",434,2.23420703951312
"Meseta Central matorral",435,1.80259606933864
"Mesoamerican Gulf-Caribbean mangroves",436,2.69522669730485
"Mesopotamian shrub desert",437,0.773517495760907
"Mid-Canada Boreal Plains forests",438,1.75737488915731
"Canadian Middle Arctic Tundra",439,-0.741850345105883
"Mid-Atlantic US coastal savannas",440,3.63857492504378
"Midwest Canadian Shield forests",441,1.27424183669018
"Mindanao-Eastern Visayas rain forests",442,3.32640425529744
"Mindanao montane rain forests",443,3.46054861504021
"Mindoro rain forests",444,2.68259570371823
"Miskito pine forests",445,2.82316026106497
"Mississippi lowland forests",446,3.6833998018299
"Mitchell Grass Downs",447,1.6581094631319
"Mizoram-Manipur-Kachin rain forests",448,0.877132723438463
"Mojave desert",449,0.92357345921387
"Mongolian-Manchurian grassland",450,1.19853780779889
"Montana Valley and Foothill grasslands",451,2.23495246121802
"Monte Alegre várzea",452,3.8572819394988
"Motagua Valley thornscrub",453,3.19827366666661
"Mount Cameroon and Bioko montane forests",454,0.236029062477386
"Murray-Darling woodlands and mallee",456,1.76305666980133
"Muskwa-Slave Lake taiga",457,1.08719441623081
"Myanmar Coast mangroves",458,1.83395050500403
"Myanmar coastal rain forests",459,1.44297744289453
"Nama Karoo shrublands",460,1.86844956362743
"Namaqualand-Richtersveld steppe",461,1.29946249696077
"Namib Desert",462,0.903733953654569
"Namibian savanna woodlands",463,1.5343111960327
"Nansei Islands subtropical evergreen forests",464,1.4404334544251
"Napo moist forests",465,1.83212166324668
"Naracoorte woodlands",466,2.52860886864489
"Narmada Valley dry deciduous forests",467,0.866706143877232
"Nebraska Sand Hills mixed grasslands",468,2.3865158640621
"Negro-Branco moist forests",469,2.97396173761317
"Nelson Coast temperate forests",470,3.0511824447637
"Nenjiang River grassland",471,1.64501498153214
"New Britain-New Ireland lowland rain forests",472,3.93490632033621
"New Britain-New Ireland montane rain forests",473,3.8612438181251
"New Caledonia dry forests",474,2.31702610205349
"New Caledonia rain forests",475,2.57461672453442
"New England-Acadian forests",476,2.66503326399862
"New Guinea mangroves",477,4.44602431660313
"Nicobar Islands rain forests",478,3.20065974171009
"Niger Delta swamp forests",479,-1.06047441968581
"Nigerian lowland forests",480,0.0140609761682934
"Nihonkai evergreen forests",481,2.46673564118319
"Nihonkai montane deciduous forests",482,2.78628644821277
"Nile Delta flooded savanna",483,1.12482936678958
"North Arabian desert",487,0.518033679814302
"North Arabian highland shrublands",488,0.444737563872754
"New Zealand North Island temperate forests",489,3.51062829040445
"North Saharan Xeric Steppe and Woodland",490,0.259976423301978
"Somali montane xeric woodlands",491,1.22442257184313
"North Tibetan Plateau-Kunlun Mountains alpine desert",492,0.60186092481888
"North Western Ghats moist deciduous forests",494,0.397892631701345
"North Western Ghats montane rain forests",495,0.0911511424767569
"Northeast China Plain deciduous forests",496,1.78408646979354
"Northeast India-Myanmar pine forests",497,1.27098961205068
"Northeast Siberian coastal tundra",498,-0.352737753954282
"Northeast Siberian taiga",499,0.0946368918451431
"Northeast Brazil restingas",500,3.03013285556584
"Northeast Congolian lowland forests",501,0.30002470711584
"Northeast Himalayan subalpine conifer forests",502,2.40520394134289
"Northeast Spain and Southern France Mediterranean forests",503,2.45479056228562
"Northeast US Coastal forests",504,3.60531502602429
"Northern Acacia-Commiphora bushlands and thickets",505,2.28994823555976
"Northern Anatolian conifer and deciduous forests",506,2.06899635583688
"Northern Andean páramo",507,3.69732280860314
"Northern Annamites rain forests",508,1.23040413088683
"Northern California coastal forests",509,4.25009280634753
"Northern Canadian Shield taiga",510,0.158199068148868
"Northern Congolian Forest-Savanna",511,0.348709787481562
"North Deccan dry deciduous forests",512,0.597788046400906
"Northern Indochina subtropical forests",513,1.91424742580106
"Northern Khorat Plateau moist deciduous forests",514,1.01441595368742
"Northern Mesoamerican Pacific mangroves",515,2.44420449602354
"Northern New Guinea lowland rain and freshwater swamp forests",516,4.60683808423761
"Northern New Guinea montane rain forests",517,4.59748302043145
"Northern Shortgrass prairie",518,1.84097310363203
"Northern Swahili coastal forests",519,1.94784248797897
"Northern Tallgrass prairie",520,2.34078490339325
"Northern Thailand-Laos moist deciduous forests",521,2.20477355584549
"Northern Triangle subtropical forests",522,1.31362865501416
"Northern Triangle temperate forests",523,1.82463799137378
"Northern Vietnam lowland rain forests",524,1.30824611626359
"Northland temperate kauri forests",525,4.09859812476945
"Northwest Iberian montane forests",526,2.44518647139136
"Northwest Russian-Novaya Zemlya tundra",527,0.32080278050485
"Northwest Andean montane forests",528,2.44677374377257
"Northwest Congolian lowland forests",529,0.329290083840986
"Northwestern Himalayan alpine shrub and meadows",531,2.10892735029065
"Aravalli west thorn scrub forests",532,1.4214907053853
"Novosibirsk Islands Arctic desert",533,-0.698870787818633
"Nujiang Langcang Gorge alpine conifer and mixed forests",534,2.36249101708889
"Nullarbor Plains xeric shrublands",535,0.668550932609883
"Nyanga-Chimanimani Montane forest-grassland",536,2.61916785704806
"Oaxacan montane forests",537,2.84894237881618
"Ogilvie-MacKenzie alpine tundra",539,0.279322689433837
"Okanogan dry forests",540,2.52358964429679
"Okhotsk-Manchurian taiga",541,1.45626870600209
"Ordos Plateau steppe",542,1.18029993246589
"Orinoco Delta swamp forests",543,2.34423873808798
"Orinoco wetlands",544,2.5902751172519
"Orissa semi-evergreen forests",545,0.80250123026353
"Ozark Highlands mixed forests",546,3.7135203794168
"Ozark Mountain forests",547,3.78088593761121
"Pacific Coastal Mountain icefields and tundra",548,1.38373487740093
"Palau tropical moist forests",549,4.06427710137302
"Palawan rain forests",550,2.80254553378806
"Palouse prairie",551,1.95775652946116
"Pamir alpine desert and tundra",552,1.38383961420843
"Panamanian dry forests",553,2.5568139924928
"Pannonian mixed forests",554,2.10987090413731
"Pantanal",555,3.21577715970136
"Pantanos de Centla",556,2.50613937078649
"Pantepui forests & shrublands",557,3.20680933246307
"Paraguaná xeric scrub",558,3.24240501815313
"Paraná flooded savanna",559,2.78046268816694
"Paropamisus xeric woodlands",560,1.45657110791503
"Patagonian steppe",561,0.842408545711535
"Patía valley dry forests",562,2.07141483223078
"Peninsular Malaysian montane rain forests",563,2.90993925639631
"Peninsular Malaysian peat swamp forests",564,2.64833165883886
"Peninsular Malaysian rain forests",565,2.73238667359287
"Pernambuco coastal forests",566,2.40330043758462
"Pernambuco interior forests",567,2.55965396719744
"Peruvian Yungas",568,3.31283765403911
"Petén-Veracruz moist forests",569,2.54967003853691
"Pilbara shrublands",570,1.25066452358336
"Pindus Mountains mixed forests",571,2.35275897149411
"Piney Woods",572,3.49349559413049
"Po Basin mixed forests",573,2.45365351331289
"Pontic steppe",574,1.93473546439127
"Puerto Rican dry forests",576,2.40982685455241
"Puerto Rican moist forests",577,2.51631724609294
"Puget lowland forests",578,3.92550591680411
"Purus-Madeira moist forests",579,3.81694584987305
"Purus várzea",580,3.37570134513823
"Pyrenees conifer and mixed forests",581,2.7317854876217
"Qaidam Basin semi-desert",582,0.545156588159152
"Qilian Mountains conifer forests",583,1.81830473353126
"Qilian Mountains subalpine meadows",584,1.05080628504143
"Qin Ling Mountains deciduous forests",585,1.91444932855894
"Qionglai-Minshan conifer forests",586,2.62287594294425
"Queensland tropical rain forests",587,3.78110526324193
"Rakiura Island temperate forests",588,2.68710428468354
"Rann of Kutch seasonal salt marsh",589,1.37124313168441
"Red River freshwater swamp forests",591,1.08635226191899
"Red Sea-Arabian Desert shrublands",592,0.71060782531543
"Red Sea coastal desert",593,0.768982976353252
"Red Sea mangroves",594,1.23505336102612
"Registan-North Pakistan sandy desert",595,0.735321439887331
"Renosterveld shrubland",596,3.12220371734506
"Richmond temperate forests",597,3.01120321339419
"Rio Negro campinarana",598,3.25372857133801
"Rodope montane mixed forests",599,2.04182594978547
"Rwenzori-Virunga montane moorlands",600,3.18633927977283
"Saharan halophytics",601,0.445515690257674
"Sahelian Acacia savanna",602,1.12658518095111
"Sakhalin Island taiga",603,1.66786570316797
"Samoan tropical moist forests",604,4.08694130273385
"San Lucan xeric scrub",606,1.59223531954436
"Santa Lucia Montane Chaparral & Woodlands",607,2.7962506046379
"Santa Marta montane forests",608,3.36120995115351
"Santa Marta páramo",609,4.35871809460967
"São Tomé, Príncipe, and Annobón forests",610,-0.900933643617144
"Sarmatic mixed forests",611,2.33474002654243
"Sayan alpine meadows and tundra",612,1.58834235855787
"Sayan Intermontane steppe",613,1.73609733849323
"Sayan montane conifer forests",614,1.79105198124905
"Scandinavian and Russian taiga",615,1.65535208371591
"Scandinavian coastal conifer forests",616,2.14827616402851
"Scandinavian Montane Birch forest and grasslands",617,1.26165253581043
"Sechura desert",619,1.49493194928192
"Selenge-Orkhon forest steppe",620,1.41467031890005
"Seram rain forests",621,3.40258210633185
"Serra do Mar coastal forests",623,2.93362413125479
"Sichuan Basin evergreen broadleaf forests",624,1.59939520431131
"Sierra de la Laguna dry forests",625,1.76629113641035
"Sierra de la Laguna pine-oak forests",626,1.88547821048156
"Sierra de los Tuxtlas",627,2.59010127129695
"Sierra Madre de Chiapas moist forests",628,2.35006638573152
"Sierra Madre de Oaxaca pine-oak forests",629,2.79610534569322
"Sierra Madre del Sur pine-oak forests",630,2.59370582612396
"Sierra Madre Occidental pine-oak forests",631,2.77266492042951
"Sierra Madre Oriental pine-oak forests",632,2.17935268948719
"Sierra Nevada forests",633,3.06656816159283
"Simpson desert",634,0.906382551578322
"Sinaloan dry forests",635,3.05961046257355
"Sinú Valley dry forests",636,2.90693949869738
"Snake-Columbia shrub steppe",637,1.75527995367219
"Socotra Island xeric shrublands",639,0.760520541671438
"Solimões-Japurá moist forests",640,2.70355546956888
"Solomon Islands rain forests",641,3.64958596500681
"Somali Acacia-Commiphora bushlands and thickets",642,1.56116729222719
"Sonoran-Sinaloan subtropical dry forest",643,2.3306126864249
"Sonoran desert",644,1.23305230387712
"South American Pacific mangroves",645,2.05482642216341
"South Apennine mixed montane forests",647,1.92756069939132
"South Central Rockies forests",648,2.3970275529548
"South China-Vietnam subtropical evergreen forests",649,1.26994298882762
"South Deccan Plateau dry deciduous forests",651,1.47273607661752
"South Iran Nubo-Sindian desert and semi-desert",652,1.00688668575983
"New Zealand South Island montane grasslands",653,2.30375089180584
"New Zealand South Island temperate forests",654,2.58717316399014
"South Sahara desert",656,0.199491822838198
"South Siberian forest steppe",657,1.92651361457158
"South Taiwan monsoon rain forests",658,1.66456754638787
"South Western Ghats moist deciduous forests",660,1.06352206886917
"South Western Ghats montane rain forests",661,0.462486292363744
"Southeast Australia temperate forests",662,2.8157496551291
"Southeast Australia temperate savanna",663,1.96333951292694
"Southeast Tibet shrublands and meadows",664,1.83856648625064
"Southeast US conifer savannas",666,3.31590316620417
"Southeast Iberian shrubs and woodlands",667,2.00810411807053
"Southeast Indochina dry evergreen forests",668,1.58819890316697
"Southeast Papuan rain forests",669,4.36195396360508
"Southern Acacia-Commiphora bushlands and thickets",670,2.24788569276994
"Southern Africa mangroves",671,2.80828401514624
"Southern Anatolian montane conifer and deciduous forests",672,2.15400576531232
"Southern Andean steppe",673,1.15157198641438
"Southern Andean Yungas",674,2.94668331543804
"Southern Annamites montane rain forests",675,1.69483607764065
"Southern Atlantic Brazilian mangroves",676,2.51591855849841
"Southern Cone Mesopotamian savanna",677,2.74046794211209
"Southern Congolian forest-savanna",678,0.749196394489163
"Southern Great Lakes forests",679,3.49877001556552
"Southern Hudson Bay taiga",680,0.925870085400845
"Southern Korea evergreen forests",682,1.46107725520158
"Southern Mesoamerican Pacific mangroves",683,2.33928788885684
"Southern New Guinea freshwater swamp forests",684,4.41112398167224
"Southern New Guinea lowland rain forests",685,4.60569148111836
"Southern Pacific dry forests",686,2.71128631340105
"Southern Rift Montane forest-grassland",687,1.84886191388646
"Southern Swahili coastal forests and woodlands",688,2.03429850144532
"Southern Vietnam lowland dry forests",689,2.01919507905306
"Southwest Amazon moist forests",690,3.53459788047351
"Southwest Arabian Escarpment shrublands and woodlands",691,0.997559585089131
"Southwest Arabian highland xeric scrub",692,0.986853518496514
"Southwest Australia savanna",693,1.5601759705062
"Southwest Australia woodlands",694,2.30023409446291
"Southwest Borneo freshwater swamp forests",695,2.07036838242137
"Southwest Iberian Mediterranean sclerophyllous and mixed forests",696,2.11611558132031
"Sri Lanka dry-zone dry evergreen forests",697,1.62097657342724
"Sri Lanka lowland rain forests",698,1.32641738017634
"Sri Lanka montane rain forests",699,1.55303806474347
"Succulent Karoo xeric shrublands",701,2.22126496849
"Sudd flooded grasslands",702,1.20917400556539
"Suiphun-Khanka meadows and forest meadows",703,2.16687440330998
"Sulaiman Range alpine meadows",704,1.32125988902847
"Sulawesi montane rain forests",706,2.42505855297097
"Sulu Archipelago rain forests",707,3.05068362613211
"Sumatran freshwater swamp forests",708,2.48486790000109
"Sumatran lowland rain forests",709,2.54212659295363
"Sumatran montane rain forests",710,2.85709077365941
"Sumatran peat swamp forests",711,2.37630410067743
"Sumatran tropical pine forests",712,3.1156420632812
"Sumba deciduous forests",713,1.83235702963103
"Sunda Shelf mangroves",714,2.50452905616545
"Sundaland heath forests",715,2.21881186216311
"Sundarbans freshwater swamp forests",716,0.383240366478809
"Sundarbans mangroves",717,0.217825493032596
"Syrian xeric grasslands and shrublands",718,1.16242427979601
"Taiheiyo evergreen forests",719,2.17078387652739
"Taiheiyo montane deciduous forests",720,2.68288438253134
"Taimyr-Central Siberian tundra",721,-0.392591293838957
"Taiwan subtropical evergreen forests",722,1.90783821115595
"Taklimakan desert",723,0.303488831181414
"Talamancan montane forests",724,2.67755168709151
"Tamaulipan matorral",725,2.34081030263725
"Tamaulipan mezquital",726,1.98360425345205
"Tapajós-Xingu moist forests",727,3.87580727752368
"Tarim Basin deciduous forests and steppe",728,0.185783463410967
"Tasmanian Central Highland forests",729,2.55776429011092
"Tasmanian temperate forests",730,2.80764652822744
"Tasmanian temperate rain forests",731,3.01442045227898
"Tehuacán Valley matorral",732,2.8720007413219
"Tenasserim-South Thailand semi-evergreen rain forests",733,2.63065857355086
"Terai-Duar savanna and grasslands",734,0.699005568683296
"Texas blackland prairies",735,3.00966274518362
"Thar desert",736,1.14360666932791
"Tian Shan foothill arid steppe",737,2.11067811058308
"Tian Shan montane conifer forests",738,1.85925904933655
"Tian Shan montane steppe and meadows",739,1.60816371026826
"Tibesti-Jebel Uweinat montane xeric woodlands",740,0.0928248669157452
"Tibetan Plateau alpine shrublands and meadows",741,1.08316648836198
"Tigris-Euphrates alluvial salt marsh",742,1.31488181927878
"Timor and Wetar deciduous forests",743,2.39831524133419
"Tirari-Sturt stony desert",744,0.904552744585701
"Tongan tropical moist forests",745,3.4256046813779
"Tonle Sap-Mekong peat swamp forests",746,1.82725533273481
"Tonle Sap freshwater swamp forests",747,1.90028392190217
"Torngat Mountain tundra",748,0.0112991109222328
"Trans-Baikal Bald Mountain tundra",749,0.990045277658297
"Trans-Baikal conifer forests",750,1.60959357802196
"Trans-Mexican Volcanic Belt pine-oak forests",751,2.8411273574324
"Trans Fly savanna and grasslands",752,3.94005996330273
"Trinidad and Tobago moist forest",754,2.14735985163171
"Trobriand Islands rain forests",756,4.08217665340611
"Tumbes-Piura dry forests",759,2.06580879234965
"Tyrrhenian-Adriatic sclerophyllous and mixed forests",760,1.93220302636292
"Uatumã-Trombetas moist forests",761,3.46225854923671
"Ucayali moist forests",762,3.00218272101145
"Upper Gangetic Plains moist deciduous forests",763,1.05894205821123
"Upper Midwest US forest-savanna transition",764,3.06789680518265
"Urals montane forest and taiga",765,1.64620205337754
"Uruguayan savanna",766,2.71382368973967
"Ussuri broadleaf and mixed forests",767,2.08552642094198
"Valdivian temperate forests",768,2.81909946711931
"Vanuatu rain forests",769,3.03412273704107
"Venezuelan Andes montane forests",770,3.76829368618187
"Veracruz dry forests",771,2.98965079137992
"Veracruz moist forests",772,2.87064883779158
"Veracruz montane forests",773,2.91201180430084
"Victoria Plains tropical savanna",774,1.91693078339478
"Vogelkop-Aru lowland rain forests",775,4.13982969377666
"Vogelkop montane rain forests",776,4.2060228798854
"Wasatch and Uinta montane forests",777,2.41298985647148
"Watson Highlands taiga",778,0.784741307331435
"West Sahara desert",779,-0.035543277888458
"West Saharan montane xeric woodlands",780,0.0823301514042148
"West Siberian taiga",781,1.24175460987456
"West Sudanian savanna",782,0.885068187281528
"Western Australian Mulga shrublands",783,1.02065387271679
"Western Congolian swamp forests",784,0.353993503352529
"Western Ecuador moist forests",785,1.61905710945639
"Western European broadleaf forests",786,2.33691664250799
"Western Great Lakes forests",787,2.65863589760327
"Western Guinean lowland forests",788,-0.602810976454274
"Western Gulf coastal grasslands",789,2.81953543855901
"Western Himalayan alpine shrub and meadows",790,1.68204500589665
"Western Himalayan broadleaf forests",791,2.22295063382383
"Western Himalayan subalpine conifer forests",792,2.0721609037739
"Western Java montane rain forests",793,1.84231150337042
"Western Java rain forests",794,1.8297589849621
"Western shortgrass prairie",796,2.03811211895464
"Western Siberian hemiboreal forests",797,1.97039257241087
"Westland temperate forests",798,2.92610534359058
"Willamette Valley oak savanna",799,4.36846550403486
"Windward Islands moist forests",800,1.99240539198421
"Wrangel Island Arctic desert",801,-0.485377927319135
"Wyoming Basin shrub steppe",802,1.61631446211846
"Xingu-Tocantins-Araguaia moist forests",803,3.66730081576434
"Yamal-Gydan tundra",804,-0.0904575520791858
"Yapen rain forests",806,4.42438550989839
"Yarlung Zanbo arid steppe",807,1.34259170030904
"Yellow Sea saline meadow",808,1.20877279680191
"Yucatán dry forests",809,2.47786084669482
"Yucatán moist forests",810,2.63570573799733
"Yunnan Plateau subtropical evergreen forests",811,2.11011336457414
"Zagros Mountains forest steppe",812,1.60488881354278
"Zambezian-Limpopo mixed woodlands",813,2.4768724209414
"Zambezian Baikiaea woodlands",814,2.32064208537758
"Zambezian coastal flooded savanna",815,2.12900002259769
"Dry miombo woodlands",816,2.02709419159436
"Zambezian evergreen dry forests",817,2.17700353126079
"Zambezian flooded grasslands",818,2.07555149362847
"Zambezian mopane woodlands",819,2.47794413711992
"Brazilian Atlantic dry forests",820,2.7579139818189
"Northern Cordillera forests",821,1.18621978928392
"Victoria Basin forest-savanna",823,1.3989810819149
"Western Congolian forest-savanna",824,0.72331629018183
"East African montane moorlands",825,2.27121527834918
"Queen Charlotte Islands conifer forests",826,3.03893208612349
"Northern Pacific Alaskan coastal forests",827,2.35387728613581
"Northwest Territories taiga",828,0.226082963697568
"Southwest Arabian coastal xeric shrublands",829,0.981120166089835
"Arabian-Persian Gulf coastal plain desert",830,0.695035057538745
"South Arabian plains and plateau desert",831,0.595007357444992
"Arabian desert",832,0.54491281744585
"Bahamian pineyards",833,2.51078284521512
"Kamchatka tundra",835,0.862922606189755
"Tocantins/Pindare moist forests",836,3.49812738805455
"Kalaallit Nunaat Arctic steppe",837,-0.410918609811858
"North Cascades conifer forests",838,3.05259615282773
"Northern Rockies conifer forests",839,2.53959368368306
"Southwest Arabian montane woodlands and grasslands",841,1.09173690242668
"South Arabian fog woodlands, shrublands, and dune",842,0.852465759274842
"Trinidad and Tobago dry forest",843,2.4379215346006
"Lesser Antillean dry forests",844,2.03442086986203
"North Atlantic moist mixed forests",845,2.59516415454447
"Sulawesi lowland rain forests",848,2.50804814375686
